ID,post_title,post_name,post_status,post_date
574,"Berry Bear 330 ml",berry-bear,private,"2020-11-05 14:16:14"
581,"Thirsty Tucan 330 ml",thirsty-tucan,private,"2020-11-04 14:46:32"
582,"Metal Mole préslé 3L BiB",metal-mole,draft,"2021-07-06 14:48:19"
584,"Horny Hedgehog préslé 330 ml",horny-hedgehog,publish,"2020-11-06 14:50:04"
774,"Metal Horny csomag akció",metal-horny-nagy-presle-csomag-akcio-masolat,draft,"2020-10-15 12:02:57"
776,"Thirsty Berry 11+1 akciós csomag",thirsty-berry-kis-smoothie-csomag-akcio,draft,"2020-09-06 12:10:53"
832,"Horny Hedgehog préslé 750 ml",horny-hedgehog-750ml,publish,"2022-04-17 14:38:59"
1594,"Tranquil Turtle préslé 330 ml",tranquil-turtle-330-ml,publish,"2021-03-20 14:56:42"
1598,"Tranquil Turtle 750 ml",tranquil-turtle-750-ml,private,"2022-04-17 15:09:52"
1602,"Tranquil Metal Horny 750 ml",tranquil-metal-horny-750,draft,"2020-10-12 15:26:53"
1604,"Funky All In csomag - akció",funky-all-in-csomag-akcio,private,"2020-10-29 15:50:13"
1607,"Horny Tucan csomag 11+1 akció",horny-tucan-presle-csomag-akcio,draft,"2020-09-10 09:07:01"
1608,"Metal Berry csomag 11+1 akció",metal-berry-presle-csomag-akcio,draft,"2020-10-10 09:10:46"
1649,"Funky Brothers csomag - akció",funky-brothers-csomag-akcio,draft,"2020-10-28 00:00:41"
1653,"Tranquil Metal Horny 330 ml",tranquil-metal-horny-330-ml,draft,"2020-10-27 12:29:58"
1674,"Metal Mole préslé 750 ml",metal-mole-750-ml,publish,"2022-04-17 13:56:58"
1989,"Wacky Wolf préslé 330 ml",wacky-wolf-330-ml,publish,"2020-11-04 11:38:57"
2010,"Horny Hedgehog préslé 3L BiB",horny-hedgehog-3-l-bib,publish,"2021-07-14 13:39:26"
2012,"Tranquil Turtle 3L BiB",tranquil-turtle-3l-bib,draft,"2021-07-14 13:44:42"
2015,"100% Alma préslé 3L BiB",100-alma-3l-bib,publish,"2021-07-14 14:01:05"
2019,"Metal Mole préslé 330 ml",metal-mole-330-ml,publish,"2021-03-21 07:12:26"
2849,"Wacky Wolf 330 ml",wacky-wolf-330-ml-2,private,"2021-03-22 14:41:24"
3144,"Lovely Llama préslé 330 ml",lovely-llama-330-ml,publish,"2020-11-04 13:00:01"
3500,"Funky Forest® ajándékutalvány",ajandekozz-egeszseget,draft,"2020-09-04 11:19:24"
3541,"Rusty Racoon 330 ml",rusty-racoon-330-ml,private,"2021-03-20 08:56:29"
5518,"Funky Brothers 11+1 akciós csomag",funky-brothers-akcios-csomag,draft,"2020-02-22 09:34:34"
5520,"Smoothie Gang 11+1 akciós csomag",smoothie-gang-akcios-csomag,private,"2020-02-13 10:01:31"
5522,"Team Red 11+1 akciós csomag",team-red-akcios-csomag,private,"2020-02-13 10:22:46"
5531,"Taste the Forest 11+1 akciós csomag",taste-the-forest-akcios-csomag,private,"2020-02-13 12:05:17"
5533,"Full House - akció",full-house-akcio,private,"2020-02-13 13:12:19"
5535,"Party Pack - akció",party-pack-akcio,publish,"2020-02-13 13:27:58"
5537,"Winning Veggies",winning-veggies,private,"2020-02-13 13:41:55"
5660,"Smoothie Gang 11+1 akciós csomag",smoothie-gang-111-akcios-csomag,publish,"2020-02-24 09:02:10"
5662,"Team Red 11+1 akciós csomag",team-red-111-akcios-csomag,publish,"2020-02-25 09:05:41"
5664,"Taste the Forest 11+1 akciós csomag",taste-the-forest-111-akcios-csomag,publish,"2020-02-26 09:09:21"
5666,"Full House - akció",full-house-akcio-2,publish,"2020-02-28 09:14:14"
5667,"Winning Veggies",winning-veggies-2,publish,"2020-02-23 09:23:15"
5671,"Berry Bear smoothie 250 ml",berry-bear-250-ml,publish,"2020-03-01 09:30:26"
5673,"Rusty Racoon smoothie 250 ml",rusty-racoon-250-ml,publish,"2020-03-02 09:34:39"
5675,"Thirsty Tucan smoothie 250 ml",thirsty-tucan-250-ml,publish,"2020-03-03 09:39:28"
6191,"Dear Deer préslé 750 ml",dear-deer-750-ml,publish,"2022-08-10 09:19:34"
6642,"Karácsonyi Ajánlatunk",karacsonyi-ajanlatunk,draft,"2020-02-10 13:49:10"
6779,"Funky Forest Essential 100%-os ribizli préslé 250 ml",100-ribizli-presle-250-ml,publish,"2020-11-04 11:37:30"
